{
    "$schema": "https://schema.management.azure.com/schemas/2019-04-01/deploymentTemplate.json#",
    "contentVersion": "1.0.0.0",
    "parameters": {"storageAccountName": {
        "type": "string",
        "metadata": {
            "description": "description"
        }
    },"location": {
        "type": "string",
        "metadata": {
            "description": "description"
        }
    }},
    "functions": [],
    "variables": {},
    "resources": [{
        "name": "[parameters('storageAccountName')]",
        "type": "Microsoft.Storage/storageAccounts",
        "apiVersion": "2021-04-01",
        "tags": {
            "displayName": "storageaccount1"
        },
        "location": "[parameters('location')]",
        "kind": "StorageV2",
        "sku": {
            "name": "Premium_LRS",
            "tier": "Premium"
        }
    }],
    "outputs": {}
}